GeneID	B14.5.new.bam	B15.5.new.bam	B17.5.new.bam	B20.new.bam	B34.new.bam	C14.5.new.bam	C15.5.new.bam	C17.5.new.bam	C20.new.bam	C34.new.bam
MSTRG.1	0	0	0	1	0	0	0	0	1	0
MSTRG.2	12	10	28	16	15	11	13	18	18	6
MSTRG.8	2	3	22	13	39	0	4	3	5	6
MSTRG.9	20	13	44	26	24	23	24	37	20	19
MSTRG.10	14	20	25	23	17	13	15	7	16	5
MSTRG.11	13	17	11	14	9	13	12	9	14	17
MSTRG.12	245	237	212	194	172	220	198	216	221	197
MSTRG.13	392	314	262	302	263	286	356	400	296	291
MSTRG.14	476	406	508	562	506	492	520	309	722	444
MSTRG.15	2	4	5	8	2	4	7	10	7	3
MSTRG.16	11	24	13	33	38	8	11	67	55	12
MSTRG.17	2783	2246	2191	1911	1417	2375	1890	1363	1707	1749
MSTRG.18	0	0	0	2	1	0	0	0	0	0
MSTRG.22	487	435	430	264	179	291	308	188	287	127
MSTRG.23	381	419	510	432	601	299	365	457	380	269
MSTRG.24	1	0	1	1	0	0	0	1	1	0
MSTRG.25	7	5	8	8	0	12	8	9	3	0
MSTRG.26	1	0	0	0	0	0	0	2	0	0
MSTRG.28	8	3	7	5	3	16	7	3	4	1
MSTRG.29	13	25	8	16	4	3	17	10	6	15
MSTRG.30	2089	1977	1713	1705	973	2580	1857	1008	1392	1237
MSTRG.31	1	1	0	2	0	3	0	0	0	3
MSTRG.32	209	199	282	243	163	197	172	248	199	79
MSTRG.33	1147	1244	1329	1538	1566	1218	1295	1025	1268	2007
MSTRG.34	0	0	1	4	4	0	0	0	0	0
MSTRG.35	166	174	205	187	206	160	211	172	213	243
MSTRG.36	444	476	423	486	749	438	466	675	623	792
MSTRG.37	16	9	14	23	41	10	20	15	30	64
MSTRG.38	55	92	91	87	132	69	85	74	138	94
MSTRG.39	3	6	11	17	36	1	1	21	19	9
MSTRG.40	13	15	14	11	23	6	16	8	23	32
MSTRG.41	3	7	4	7	7	5	2	10	4	8
MSTRG.42	541	665	624	537	167	482	462	576	411	266
MSTRG.44	1152	1096	943	1063	1211	1023	1079	1360	1246	1998
MSTRG.45	1194	2201	2010	2337	3128	1422	2302	3787	2645	3325
MSTRG.46	6	9	3	9	3	17	14	1	5	10
MSTRG.47	72	112	103	93	56	114	118	66	94	104
MSTRG.48	32	41	17	30	27	95	49	15	35	37
MSTRG.49	0	0	0	0	0	1	0	2	0	27
MSTRG.50	165	209	178	176	145	136	236	268	179	268
MSTRG.51	631	1078	1329	1919	2887	1035	1627	2763	2823	4301
MSTRG.52	321	323	337	283	373	377	346	472	332	617
MSTRG.53	347	307	224	220	272	167	256	255	291	258
MSTRG.54	0	0	1	1	0	1	1	0	1	5
MSTRG.55	4	2	2	1	0	1	5	3	0	2
MSTRG.56	1162	1131	1136	1094	915	962	1028	1115	1006	998
MSTRG.57	600	685	726	646	559	638	749	781	667	727
MSTRG.58	65	47	76	88	140	66	104	118	148	495
MSTRG.59	17	10	8	16	7	8	10	9	9	1
MSTRG.60	2555	2330	2121	2062	2276	2337	2228	2883	2177	1778
MSTRG.61	1	2	0	5	3	1	2	0	1	1
MSTRG.62	289	238	198	187	115	198	229	258	240	205
MSTRG.63	99	99	117	103	101	74	120	105	153	108
MSTRG.65	651	1067	1280	1421	1600	1415	1814	2526	2587	1926
MSTRG.68	1421	1661	1782	2028	2193	1519	1828	2505	2442	3129
MSTRG.69	0	0	0	0	0	0	1	0	0	0
MSTRG.70	2394	2274	2356	2038	1783	2225	1930	1617	1994	1900
MSTRG.71	36	21	24	18	13	18	26	14	14	29
MSTRG.72	5	2	2	1	3	3	4	0	2	3
MSTRG.73	21	29	47	48	308	25	80	72	138	833
MSTRG.75	366	391	550	640	740	329	471	604	854	1336
MSTRG.76	935	1176	1063	1149	745	713	1088	1599	1208	292
MSTRG.77	247	237	220	196	142	178	235	295	210	179
MSTRG.78	53	53	65	89	24	42	30	71	61	31
MSTRG.79	2	4	1	1	3	5	2	1	0	0
MSTRG.81	4279	4866	5767	7440	17890	4889	4431	4572	4981	8629
MSTRG.82	2915	2764	2157	1757	972	2399	2300	1751	1601	1425
MSTRG.83	1825	1643	1179	877	334	1968	1310	1017	840	674
MSTRG.84	262	231	283	235	123	299	237	97	259	327
MSTRG.85	13	20	13	9	0	17	15	5	7	3
MSTRG.86	274	242	222	210	128	347	227	137	167	194
MSTRG.88	0	0	0	0	1	0	0	0	1	0
MSTRG.90	200	167	181	170	152	194	196	226	180	207
MSTRG.91	241	176	243	232	157	247	230	201	232	181
MSTRG.92	10	7	20	15	10	14	14	8	7	9
MSTRG.93	9	10	16	27	43	12	12	19	30	4
MSTRG.94	280	358	420	453	699	456	481	577	617	1283
MSTRG.95	7	7	11	24	18	30	35	21	48	11
MSTRG.96	256	298	290	265	374	245	266	272	303	316
MSTRG.97	665	674	761	728	974	684	766	725	844	620
MSTRG.99	1041	878	709	707	715	1038	945	1024	966	637
MSTRG.101	202	258	335	358	317	264	279	379	271	450
MSTRG.102	613	558	575	597	397	629	553	806	561	391
MSTRG.103	110	139	275	330	408	176	250	334	359	213
MSTRG.104	30	33	77	99	44	48	65	67	91	21
MSTRG.105	9	5	5	9	4	6	8	9	11	8
MSTRG.106	244	266	337	370	287	164	245	423	462	205
MSTRG.107	3	1	1	3	0	3	2	4	1	4
MSTRG.108	716	689	663	676	1227	758	767	1077	1044	993
MSTRG.109	70	63	76	88	597	72	72	46	42	42
MSTRG.110	241	259	466	270	116	248	506	173	258	42
MSTRG.111	68	166	368	587	2810	104	301	1065	1193	1404
MSTRG.112	6	7	0	3	1	6	7	4	2	2
MSTRG.113	197	175	149	145	147	116	159	144	208	245
MSTRG.114	1745	2492	2642	2732	2626	1395	2583	4668	2859	409
MSTRG.115	1557	1559	1416	1508	1546	1116	1326	1497	1457	1123
MSTRG.116	1068	1295	1412	1668	2688	1511	1594	2256	2021	3003
MSTRG.117	15	17	30	22	12	18	22	27	24	9
MSTRG.118	1168	1492	1932	2112	1622	1631	1957	2448	2684	665
MSTRG.119	0	0	0	1	0	0	0	0	0	0
MSTRG.121	5644	4846	4326	3990	3287	5524	4336	4568	3658	3472
MSTRG.122	1	2	2	0	5	1	6	1	1	3
MSTRG.123	257	301	340	445	584	220	354	480	464	253
MSTRG.124	6	5	1	1	3	2	2	1	1	0
MSTRG.125	0	3	13	13	36	5	10	19	21	29
MSTRG.126	929	1009	792	844	413	586	764	1012	764	365
MSTRG.127	488	376	230	229	258	432	336	348	254	301
MSTRG.128	1284	1212	1185	1020	712	1517	1103	1355	1014	945
MSTRG.129	13	22	19	24	22	30	23	19	28	14
MSTRG.130	0	2	1	1	4	0	1	3	1	2
MSTRG.131	0	0	1	0	0	0	0	0	0	0
MSTRG.132	1616	1826	1769	1678	1138	1228	1573	2696	1623	958
MSTRG.133	386	433	410	398	479	293	477	527	460	387
MSTRG.134	694	522	407	478	316	411	436	559	507	331
MSTRG.135	0	0	2	0	2	0	0	0	0	0
MSTRG.136	319	364	341	477	604	304	400	565	476	558
MSTRG.137	684	736	563	605	319	551	746	806	719	463
MSTRG.138	21	17	8	6	10	15	18	27	11	9
MSTRG.139	221	235	232	223	131	204	303	251	280	158
MSTRG.140	451	450	354	334	245	387	388	423	332	611
MSTRG.141	2	3	0	1	0	1	1	0	1	0
MSTRG.142	16814	15531	16165	15994	14032	13756	15288	19073	14023	7893
MSTRG.143	679	936	1008	943	998	934	1114	1554	1237	1396
MSTRG.144	29	29	38	29	29	33	36	19	48	39
MSTRG.145	1	0	0	1	2	0	0	0	0	0
MSTRG.146	41	33	43	48	36	79	36	55	54	152
MSTRG.147	0	2	0	1	0	1	0	2	1	0
MSTRG.149	34	58	42	71	64	36	46	45	69	33
MSTRG.150	236	236	183	123	160	116	144	203	156	218
MSTRG.151	1027	922	844	973	875	1044	984	1247	1006	884
MSTRG.152	447	557	548	446	335	337	453	540	441	353
MSTRG.153	2038	2355	2080	2044	1334	1563	2583	2250	2643	990
MSTRG.155	318	292	332	244	282	211	341	243	280	326
MSTRG.156	1	4	0	2	3	0	0	0	5	4
MSTRG.157	440	503	488	508	433	473	440	749	637	226
MSTRG.158	0	1	0	0	0	0	0	0	0	1
MSTRG.159	1384	1584	1260	1200	618	853	1332	1393	1137	357
MSTRG.160	799	681	766	539	447	477	702	537	909	2054
MSTRG.161	952	1014	1091	1071	1095	934	1157	1621	1248	1117
MSTRG.162	86	80	65	65	32	138	72	84	55	27
MSTRG.163	6363	5735	5550	13608	14066	8500	4920	4857	8202	11391
MSTRG.164	4	5	2	30	38	2	2	1	1	3
MSTRG.165	106	121	147	222	380	164	171	78	297	3133
MSTRG.166	1	3	3	8	3	3	1	0	2	4
MSTRG.168	246	237	138	127	163	141	190	147	186	382
MSTRG.169	22	28	29	29	70	22	26	18	32	39
MSTRG.170	161	141	99	99	45	162	112	170	105	45
MSTRG.171	1614	1560	1445	939	825	1695	1396	1338	1137	1207
MSTRG.172	27	14	20	27	46	16	16	27	38	48
MSTRG.173	57	180	206	121	161	120	296	532	264	391
MSTRG.174	653	473	322	198	128	275	327	237	227	134
MSTRG.175	55	85	128	126	297	96	161	273	195	297
MSTRG.176	1	0	1	7	5	2	1	1	3	14
MSTRG.177	106	80	89	51	57	90	80	78	72	89
MSTRG.178	621	741	796	762	773	536	831	871	874	657
MSTRG.179	693	539	466	453	602	534	498	567	456	550
MSTRG.180	0	0	0	1	1	0	0	0	0	0
MSTRG.181	2924	2685	1896	1741	1227	1795	2379	2605	2010	1122
MSTRG.182	1	0	0	2	4	3	2	2	3	1
MSTRG.183	123	153	91	134	190	75	118	155	146	104
MSTRG.184	1418	1611	1620	1669	1127	1401	1837	2263	1773	1124
MSTRG.185	2	0	0	2	0	0	0	1	1	1
MSTRG.186	225	130	45	33	4	69	50	12	38	2
MSTRG.187	17	17	6	3	1	5	5	0	4	0
MSTRG.188	50	33	24	13	1	13	9	7	18	3
MSTRG.189	154	161	138	148	149	98	141	212	157	88
MSTRG.190	332	357	380	411	394	396	411	615	506	490
MSTRG.191	445	412	396	408	387	452	576	798	611	595
MSTRG.192	1	0	2	0	4	0	3	1	0	1
MSTRG.194	26	25	23	39	38	23	27	32	38	15
MSTRG.195	0	0	0	1	0	0	0	0	1	0
MSTRG.196	1130	1588	1867	2138	2699	1147	1741	3025	2686	2210
MSTRG.197	607	722	821	723	809	622	936	920	1051	818
MSTRG.198	0	0	0	0	0	0	2	0	0	0
MSTRG.199	1098	1252	1354	1090	511	1201	1375	1597	1292	902
MSTRG.201	203	230	208	180	105	213	265	261	303	820
MSTRG.202	1313	1376	1283	1057	924	1069	1239	1311	1146	699
MSTRG.203	716	896	979	923	1002	871	1190	1345	1400	1957
MSTRG.204	10	14	4	14	15	5	8	8	9	20
MSTRG.205	4947	4668	4218	4009	2748	4180	3903	3248	3575	3049
MSTRG.206	31	32	80	51	307	37	86	61	141	939
MSTRG.207	150	291	690	1253	836	219	576	2060	2026	558
MSTRG.208	3	0	1	3	2	3	2	0	1	3
MSTRG.209	2900	4524	5644	8001	7925	4221	6401	11006	9882	4330
MSTRG.211	28	21	14	10	3	4	5	0	9	2
MSTRG.212	81	77	64	59	20	27	39	15	29	27
MSTRG.213	0	0	0	5	5	0	0	2	3	3
MSTRG.215	1790	1201	1349	1303	584	1330	745	1112	816	448
MSTRG.216	734	667	445	557	288	588	394	319	480	170
MSTRG.217	18	23	12	12	9	17	27	23	15	22
MSTRG.218	75	143	203	245	412	100	146	322	341	319
MSTRG.219	10	20	15	19	48	9	15	17	39	20
MSTRG.220	687	816	713	835	1535	708	853	1511	1299	1998
MSTRG.221	444	429	329	259	197	282	348	423	287	211
MSTRG.222	499	494	404	396	579	412	420	397	393	742
MSTRG.223	10	17	41	57	330	14	34	79	107	98
MSTRG.224	426	550	544	620	873	404	618	853	724	801
MSTRG.225	293	317	291	284	264	243	288	417	306	263
MSTRG.226	38	30	13	19	12	35	25	19	17	27
MSTRG.227	424	438	473	371	295	400	440	348	529	641
MSTRG.228	0	0	0	0	0	0	0	0	1	1
MSTRG.229	2600	2465	1434	1436	273	1503	1711	1946	1266	183
MSTRG.230	349	390	446	528	893	384	440	894	651	890
MSTRG.231	452	549	659	600	654	363	640	887	735	683
MSTRG.232	67	64	39	51	31	63	81	93	75	153
MSTRG.233	135	133	104	107	99	96	137	163	165	149
MSTRG.234	67	54	81	41	67	54	73	44	70	39
MSTRG.235	3453	2607	2645	1961	2373	2755	2163	2500	2065	2435
MSTRG.236	26	30	32	41	39	17	31	53	33	105
MSTRG.237	67	58	71	55	61	31	51	84	41	57
MSTRG.238	389	371	340	378	467	184	261	187	292	222
MSTRG.239	1458	1391	1409	1185	1952	1196	1333	1878	1285	1332
MSTRG.240	1071	1316	1104	1218	3059	605	1740	2437	2191	2800
MSTRG.241	1022	1092	910	918	648	1016	1047	1003	1140	659
MSTRG.242	2839	2210	1200	598	193	1354	1269	858	634	73
MSTRG.243	1155	1263	1448	1374	1606	1033	1417	1351	1491	919
MSTRG.245	732	722	636	524	407	502	662	678	502	241
MSTRG.247	70	54	50	75	44	89	67	41	57	34
MSTRG.249	7	12	7	12	11	13	14	13	7	1
MSTRG.250	2	4	1	2	1	3	1	0	2	1
MSTRG.251	705	730	614	774	563	753	770	851	920	617
MSTRG.252	5286	4952	3808	4006	832	3691	3177	2024	2007	347
MSTRG.253	6479	6829	7533	8759	17383	8379	8080	10236	11447	11009
MSTRG.254	7	8	2	4	3	3	6	5	5	3
MSTRG.255	820	635	654	690	577	647	587	316	698	981
MSTRG.256	57	44	43	44	129	30	42	18	92	661
MSTRG.257	22	13	7	19	6	19	20	11	17	4
MSTRG.258	43	41	52	37	70	39	43	48	43	88
MSTRG.259	44	44	15	25	52	32	38	43	43	127
MSTRG.260	4	2	1	1	0	5	2	2	0	0
MSTRG.263	76	38	68	46	19	100	58	29	57	34
MSTRG.264	2	0	0	0	0	0	0	1	0	0
MSTRG.265	0	0	0	0	0	0	0	1	0	0
MSTRG.266	64	54	66	43	26	97	58	37	48	44
MSTRG.267	1	0	0	0	0	0	0	0	0	0
MSTRG.268	15	14	4	17	15	7	16	14	26	16
MSTRG.269	15	3	3	1	1	6	1	0	0	0
MSTRG.270	22	7	18	17	10	23	6	18	15	15
MSTRG.271	1	2	0	0	0	4	1	0	0	2
MSTRG.272	5	6	1	4	6	11	3	0	3	0
MSTRG.273	6	5	4	8	3	12	8	8	3	7
MSTRG.274	5	3	3	4	0	7	5	2	0	0
MSTRG.275	138	78	76	88	37	264	108	65	57	22
MSTRG.276	2	9	8	11	6	18	38	3	14	13
MSTRG.277	71	48	46	23	39	41	42	43	29	46
MSTRG.278	129	234	565	496	581	150	409	301	603	417
MSTRG.279	141	223	378	360	72	201	482	2	378	36
MSTRG.280	8	3	10	24	25	5	5	3	7	2
MSTRG.281	80	150	394	758	2492	10	31	14	31	35
MSTRG.282	0	0	0	0	1	0	0	0	0	0
MSTRG.283	1363	1441	1602	1467	1753	1202	1397	1685	1679	1367
MSTRG.284	800	587	419	435	152	636	439	341	389	328
MSTRG.285	486	410	328	355	232	367	381	507	380	312
MSTRG.286	18	9	9	7	1	14	15	5	3	0
MSTRG.287	1299	1247	1253	1178	883	1255	1237	1181	1121	1284
MSTRG.288	42	26	31	26	7	37	27	28	46	42
MSTRG.289	4276	4202	3766	2826	1900	3716	3560	2872	2551	2424
MSTRG.290	332	351	253	282	206	294	344	281	337	183
MSTRG.291	4	5	4	5	2	3	5	4	4	1
MSTRG.292	0	0	0	0	0	0	0	2	0	0
MSTRG.293	608	465	383	438	510	490	451	556	455	610
MSTRG.294	64	71	55	59	35	55	72	66	76	36
MSTRG.295	1040	870	809	702	456	864	704	527	661	605
MSTRG.296	5325	5098	5300	5503	4516	6496	4752	4976	5247	5202
MSTRG.297	1249	1642	1958	2496	2674	1572	2421	4587	3217	1374
MSTRG.298	1551	1401	1606	1365	1035	1242	1126	1530	1034	832
MSTRG.299	154	138	117	121	155	186	145	176	134	174
MSTRG.300	4058	3484	3025	2789	2171	3473	3409	2790	3089	2633
MSTRG.301	12	14	9	11	1	8	5	9	7	5
MSTRG.302	1	0	0	0	0	0	2	0	0	0
MSTRG.303	0	0	0	0	0	1	0	0	0	0
MSTRG.304	885	934	892	918	1330	851	981	1581	1109	1296
MSTRG.305	11	10	15	20	32	16	22	20	29	108
MSTRG.306	3168	2942	2494	1911	985	2475	2162	1845	1703	1428
MSTRG.307	19	14	20	33	30	14	16	25	31	6
MSTRG.308	502	449	357	338	251	430	353	393	303	280
MSTRG.309	7064	6040	4923	4560	2085	6238	5484	6448	4236	2353
MSTRG.310	723	586	814	581	374	731	837	140	504	596
MSTRG.311	534	498	667	846	2326	404	443	924	1248	3116
MSTRG.312	0	0	0	1	5	0	0	0	2	11
MSTRG.313	2144	1770	1301	1257	531	1507	1472	1964	1085	464
MSTRG.315	1321	797	579	430	221	624	444	329	482	288
MSTRG.316	4	2	0	1	0	6	4	0	2	2
MSTRG.317	21	23	24	27	12	35	20	21	29	23
MSTRG.318	50	39	36	53	16	56	64	53	58	51
MSTRG.319	16	18	22	18	36	19	18	16	22	65
MSTRG.320	0	2	1	0	0	1	0	2	0	3
MSTRG.321	123	107	180	158	56	118	100	87	114	62
MSTRG.322	77	34	32	34	25	47	28	22	20	24
MSTRG.323	1260	867	656	410	261	678	477	438	462	239
MSTRG.324	0	0	0	1	0	0	0	0	0	0
MSTRG.325	10	4	4	3	2	10	7	4	9	3
MSTRG.326	0	1	1	0	0	0	0	1	0	1
MSTRG.327	1	1	0	2	0	3	1	3	0	0
MSTRG.330	1	0	0	0	0	1	0	1	0	1
MSTRG.332	3923	4728	4500	5495	9467	3486	4540	5536	4461	11030
MSTRG.333	1	1	1	4	2	0	0	2	2	0
MSTRG.334	0	0	11	10	14	1	1	16	21	8
MSTRG.335	242	302	307	276	184	250	316	246	339	125
MSTRG.336	245	449	576	665	627	375	601	1139	1069	348
MSTRG.337	3578	3733	4942	4905	4691	3255	3669	6413	5179	2681
MSTRG.338	2900	2740	2967	2863	3159	2970	2674	3395	3136	3242
MSTRG.339	11	15	11	7	5	7	7	4	9	6
MSTRG.340	514	337	142	141	87	198	160	132	149	184
MSTRG.341	539	562	508	572	346	443	417	515	507	274
MSTRG.342	37	34	54	41	722	50	63	68	95	1352
MSTRG.343	368	574	853	1060	2118	459	768	1057	1321	1108
MSTRG.344	0	0	0	0	1	0	1	0	0	2
MSTRG.345	1954	3219	3960	5285	6450	3612	4807	5087	6132	5973
MSTRG.346	9	11	20	32	148	10	24	28	39	8
MSTRG.347	26	25	30	58	26	18	28	84	76	23
MSTRG.348	501	473	416	408	509	527	446	422	440	573
MSTRG.350	2763	2621	2486	2106	1251	2960	2426	1975	1896	1982
MSTRG.351	139	140	87	100	45	104	126	122	131	92
MSTRG.352	244	196	169	178	123	187	206	209	208	108
MSTRG.354	168	208	168	267	171	155	191	292	278	133
MSTRG.355	0	0	0	0	1	0	0	0	0	0
MSTRG.356	363	315	255	281	191	330	324	333	317	132
MSTRG.357	7321	6128	4768	4316	3525	6830	5377	5011	4744	4041
MSTRG.358	12	30	52	44	17	22	68	85	83	5
MSTRG.360	436	481	418	441	494	318	352	392	331	321
MSTRG.361	2	2	2	2	2	1	3	4	10	4
MSTRG.362	13	23	32	28	27	14	24	18	20	14
MSTRG.364	2830	3578	3583	3536	3666	2984	4126	6702	4696	4081
MSTRG.365	206	253	270	272	338	208	293	339	319	579
MSTRG.366	3050	2867	2480	2564	2356	2378	2414	2934	2636	2483
MSTRG.367	2	1	3	9	6	0	3	14	15	0
MSTRG.368	3	3	1	4	4	3	2	1	1	2
MSTRG.369	192	160	136	183	168	111	137	154	139	100
MSTRG.370	1	0	0	1	1	0	1	2	2	7
MSTRG.371	9	12	17	44	117	5	13	2	32	97
MSTRG.373	912	654	825	613	348	644	471	273	363	202
MSTRG.374	1	0	0	1	0	0	0	1	1	0
MSTRG.376	25	17	49	9	15	10	38	17	10	5
MSTRG.377	0	0	1	0	1	0	0	0	0	1
MSTRG.379	1	0	1	3	0	0	2	0	1	0
MSTRG.380	5	13	28	8	3	13	23	0	16	7
MSTRG.381	3	4	14	9	3	8	9	1	3	0
MSTRG.384	0	0	0	1	0	0	0	0	0	0
MSTRG.385	26	20	12	17	9	24	12	11	17	28
MSTRG.386	27	19	32	15	27	29	21	11	13	20
MSTRG.387	216	188	90	185	244	224	179	160	339	561
MSTRG.388	15	24	40	13	8	16	32	3	10	6
MSTRG.389	0	0	1	0	0	0	0	0	1	0
MSTRG.391	12	11	19	13	22	30	26	6	14	8
MSTRG.392	13	14	20	12	10	10	27	3	10	8
MSTRG.393	251	215	206	221	278	221	228	292	231	235
MSTRG.394	196	300	382	701	457	649	658	769	961	970
MSTRG.395	2	3	4	10	10	10	13	9	8	10
MSTRG.397	9	2	10	9	7	5	7	12	5	11
MSTRG.398	910	913	895	674	395	998	867	633	721	526
MSTRG.400	1116	1072	1094	1064	1110	1150	1004	770	1024	1015
MSTRG.401	6	3	14	7	9	4	6	2	3	22
MSTRG.402	23	19	17	17	21	18	17	19	19	51
MSTRG.403	6	4	2	2	4	7	4	4	6	19
MSTRG.404	48	47	14	30	27	113	61	5	37	75
MSTRG.405	136	135	211	157	242	112	89	141	184	177
MSTRG.406	1173	1270	1681	2355	1143	2334	2392	2647	2217	603
MSTRG.407	0	4	1	6	12	1	1	4	13	7
MSTRG.409	1	1	4	7	15	3	7	4	18	21
MSTRG.410	1	0	0	4	0	0	0	0	3	1
MSTRG.411	512	270	293	202	69	348	229	163	187	32
MSTRG.412	0	1	0	0	2	2	1	4	1	1
MSTRG.413	40	55	78	148	151	135	152	237	193	112
MSTRG.414	1	0	2	5	0	0	2	1	3	2
MSTRG.415	2422	1952	1848	1808	2371	2055	1768	1379	1890	2897
MSTRG.416	18	7	6	12	9	15	8	4	17	12
MSTRG.417	206	156	278	188	233	258	180	188	173	332
MSTRG.418	23	6	13	7	10	22	6	4	3	9
MSTRG.419	46	28	47	26	29	21	26	5	20	15
MSTRG.420	5	13	11	5	1	13	7	2	3	5
MSTRG.421	1	4	0	0	1	1	4	1	0	3
MSTRG.422	2	0	1	0	1	0	4	1	0	6
MSTRG.423	33	49	53	35	11	50	29	39	35	9
MSTRG.424	12	14	15	13	8	22	12	4	19	4
MSTRG.425	21	29	53	35	13	24	29	10	16	7
MSTRG.426	3	0	0	0	0	0	1	0	1	0
MSTRG.427	7	5	1	10	9	0	7	2	16	5
MSTRG.428	1088	1297	1401	1182	944	1269	947	740	866	402
MSTRG.429	307	294	78	102	72	101	176	98	112	158
MSTRG.430	2590	1730	1064	955	1198	1995	1790	1342	1297	1370
MSTRG.432	776	563	464	432	216	700	431	460	384	286
MSTRG.433	2	2	3	3	0	0	2	0	0	0
MSTRG.434	10	6	4	8	4	10	9	4	10	7
MSTRG.435	3219	3749	4629	5737	4255	4035	3944	3786	5006	2832
MSTRG.436	1251	1058	895	1116	1075	985	1063	1504	1462	1435
MSTRG.437	1233	1498	733	1144	1018	1021	1291	1487	1322	765
MSTRG.438	1	1	1	0	0	1	0	0	3	0
MSTRG.441	15	19	9	2	11	5	6	5	10	5
MSTRG.443	0	0	0	0	0	1	0	0	0	0
MSTRG.444	7	13	14	12	40	9	9	13	11	77
MSTRG.445	450	449	496	542	1043	589	425	237	495	1146
MSTRG.446	0	4	3	13	6	9	4	2	10	2
MSTRG.447	23	38	27	23	12	17	29	19	14	14
MSTRG.448	0	1	0	0	0	0	0	0	0	0
MSTRG.449	107	135	206	305	989	251	226	219	519	3214
MSTRG.452	10	21	18	25	51	23	18	8	30	352
MSTRG.453	698	700	531	484	750	639	642	699	617	1009
MSTRG.454	120	174	211	337	304	182	246	200	420	93
MSTRG.455	0	2	2	3	1	1	1	2	0	1
MSTRG.456	5190	4526	2916	3505	1635	3617	3649	3144	3449	1413
MSTRG.457	1	0	1	2	0	1	1	0	0	1
MSTRG.458	134	130	150	128	186	163	182	111	204	194
MSTRG.459	854	684	469	352	170	548	526	529	404	194
MSTRG.460	49	45	41	36	66	56	43	15	64	70
MSTRG.461	979	847	570	506	420	747	726	497	692	605
MSTRG.463	18	4	140	41	52	109	7	19	2	13
MSTRG.464	18	16	17	17	35	21	25	14	21	30
MSTRG.466	249	314	302	475	561	255	243	278	274	295
MSTRG.467	34	33	19	16	8	25	18	10	16	29
MSTRG.468	64	30	73	26	11	47	18	28	11	40
MSTRG.469	7	7	8	16	13	5	14	3	14	14
MSTRG.470	6	7	8	2	3	0	2	0	2	3
MSTRG.471	0	0	0	0	3	0	0	0	0	14
MSTRG.472	29	48	71	67	26	38	81	25	45	38
MSTRG.473	0	0	0	5	17	0	0	0	1	1
MSTRG.474	13	30	69	89	314	71	375	411	405	2522
MSTRG.476	15	17	51	27	32	30	45	10	20	29
MSTRG.477	0	3	0	1	1	3	4	3	3	2
MSTRG.478	33	30	27	29	46	38	20	21	27	58
MSTRG.479	0	0	1	0	0	0	0	0	0	0
MSTRG.480	1	3	2	3	4	2	2	3	2	1
MSTRG.481	1803	1717	1463	1746	1885	2417	1770	1318	1949	3271
MSTRG.482	78	183	481	1190	3872	22	25	77	147	158
MSTRG.483	449	353	231	312	222	537	338	299	406	462
MSTRG.484	336	321	278	355	365	341	322	281	380	668
MSTRG.485	1954	1314	937	852	535	2545	1360	566	826	433
MSTRG.486	0	1	2	0	1	1	2	0	0	0
MSTRG.487	2	4	9	2	4	3	3	27	6	9
MSTRG.488	4	5	2	1	2	1	2	0	0	2
MSTRG.489	702	889	698	1012	2294	927	826	808	1131	2625
MSTRG.490	29	17	27	13	7	23	22	17	34	36
MSTRG.491	1076	1145	1973	2179	2112	1416	1818	1396	2681	4015
MSTRG.493	1	1	0	0	3	3	0	0	0	3
MSTRG.494	911	642	760	801	507	529	481	583	515	304
MSTRG.495	181	120	100	117	63	169	105	95	120	116
MSTRG.496	3	5	9	4	10	6	6	0	2	8
MSTRG.497	0	0	0	0	0	0	3	0	0	0
MSTRG.498	0	1	1	2	1	1	0	1	1	1
MSTRG.499	1	1	0	0	0	0	0	0	1	3
MSTRG.500	0	0	1	4	6	0	0	1	2	3
MSTRG.501	45	60	187	443	4355	52	87	85	187	2938
MSTRG.502	0	0	0	0	3	0	0	0	0	1
MSTRG.503	1726	1407	1224	1380	903	2442	1491	925	1404	1258
MSTRG.504	4	3	6	2	1	2	3	1	2	4
MSTRG.505	50	54	70	82	66	54	69	77	137	84
MSTRG.506	0	0	0	0	0	0	0	0	1	0
MSTRG.507	0	0	1	0	0	0	0	0	0	0
MSTRG.508	13	8	8	13	13	14	14	10	16	8
MSTRG.509	0	0	0	0	0	1	0	0	0	0
MSTRG.510	4385	3723	3221	2950	1199	3208	3143	3948	2326	1034
MSTRG.512	882	718	637	650	955	1038	818	321	794	1501
MSTRG.514	914	609	668	625	384	837	541	620	549	398
MSTRG.515	1108	1678	2879	3897	5692	2190	2932	4834	5730	3052
MSTRG.516	0	0	1	2	2	0	0	1	0	0
MSTRG.517	0	0	6	1	4	0	0	2	0	1
MSTRG.518	62	88	102	181	246	198	185	257	276	273
MSTRG.520	649	495	507	482	537	570	597	346	606	873
MSTRG.522	2	0	2	0	0	4	0	0	1	2
MSTRG.523	155	131	111	100	68	98	138	131	149	64
MSTRG.524	485	454	222	184	58	248	321	261	200	65
MSTRG.525	0	0	0	3	2	0	1	1	0	0
MSTRG.526	58	39	90	71	184	48	73	41	48	521
MSTRG.527	0	0	0	0	2	0	0	0	0	0
MSTRG.528	159	209	200	212	174	134	176	205	211	96
MSTRG.529	25	31	41	21	43	11	40	21	20	13
MSTRG.530	3	4	4	0	2	7	17	5	14	3
MSTRG.531	52	67	154	63	37	148	251	36	152	76
MSTRG.532	0	0	0	0	0	1	0	0	0	0
MSTRG.534	1243	1099	962	1178	2271	1455	1108	1617	1442	2819
MSTRG.535	224	168	110	107	137	206	124	105	85	164
MSTRG.536	1	1	2	1	1	0	5	0	0	1
MSTRG.537	20	13	44	49	74	25	24	24	40	60
MSTRG.538	601	431	652	722	842	471	409	878	662	693
MSTRG.541	106	108	163	176	645	161	197	150	286	560
MSTRG.542	1521	1221	1082	873	485	955	974	984	765	316
MSTRG.543	115	54	17	17	1	2	0	5	0	0
MSTRG.544	23	25	23	43	40	0	7	2	6	0
MSTRG.545	8	11	13	1	0	15	18	3	0	1
MSTRG.546	16	8	16	3	3	39	15	24	4	5
MSTRG.547	1	0	0	0	2	0	0	1	0	1
MSTRG.548	2578	2598	3426	3632	3198	2499	2161	2110	1961	3661
MSTRG.549	0	0	0	0	0	0	0	1	0	0
MSTRG.550	2	15	12	26	10	15	8	3	8	2
MSTRG.552	1007	1184	1442	1803	1820	1629	1421	914	1429	2700
MSTRG.553	1183	946	1109	1134	835	1131	758	780	902	636
MSTRG.554	8	9	15	14	15	10	6	12	13	18
MSTRG.555	1502	1274	1365	1428	1190	1485	1044	537	768	553
MSTRG.558	58	63	115	166	102	210	239	110	142	47
MSTRG.559	0	0	1	0	0	0	1	0	0	0
MSTRG.560	0	0	0	1	0	0	0	0	0	0
MSTRG.561	2	4	5	4	1	2	3	3	4	1
MSTRG.562	819	768	618	574	600	676	600	578	610	312
MSTRG.563	409	602	755	1110	2065	457	669	1048	1137	1068
MSTRG.564	51	51	28	30	15	40	45	32	23	5
MSTRG.565	19	19	18	21	78	13	9	16	27	43
MSTRG.566	179	216	265	329	569	282	288	395	450	767
MSTRG.567	1707	1373	1171	1295	1691	1668	1123	767	1027	2909
MSTRG.568	1507	1016	917	957	507	1549	843	1205	842	697
MSTRG.569	825	735	922	835	881	728	725	804	976	1133
MSTRG.570	4	2	7	6	6	10	12	5	11	4
MSTRG.571	250	199	198	235	153	141	193	238	220	171
MSTRG.572	5	2	5	5	3	3	1	3	3	3
MSTRG.574	4874	3396	2433	2879	1361	4343	2425	2258	2492	1152
MSTRG.575	16	7	21	14	4	12	3	3	11	1
MSTRG.576	42	43	49	39	2	37	29	16	20	7
MSTRG.577	57	60	78	54	5	70	46	25	26	24
MSTRG.578	1326	1408	1700	1701	723	1720	1205	931	1060	735
MSTRG.579	9	16	11	15	4	4	1	14	15	4
MSTRG.580	0	0	0	1	0	1	0	1	3	0
MSTRG.581	506	489	349	374	188	424	388	347	328	277
MSTRG.582	33	36	35	47	16	23	13	17	19	18
MSTRG.583	0	0	0	0	1	0	0	2	3	1
MSTRG.584	0	1	2	0	0	0	1	1	4	0
MSTRG.585	49	30	46	55	33	41	44	22	57	41
MSTRG.586	1104	1141	1239	1149	1102	1232	998	665	974	1332
MSTRG.587	336	281	329	492	1194	434	395	393	571	1591
MSTRG.588	1603	1400	1722	1593	1114	1446	1233	682	1257	1116
MSTRG.589	0	0	0	0	0	0	0	1	0	0
MSTRG.590	600	559	497	504	548	1027	725	666	679	1024
MSTRG.591	6	4	23	13	204	10	10	29	142	379
MSTRG.592	2179	1842	1762	1354	853	2050	1508	1057	1104	1056
MSTRG.593	569	379	294	289	248	284	225	177	292	307
MSTRG.594	1	4	1	2	1	2	2	2	3	0
MSTRG.595	0	1	0	0	1	0	0	0	0	0
MSTRG.596	8	5	6	20	11	9	8	9	8	8
MSTRG.597	88	62	159	110	168	132	96	158	133	185
MSTRG.598	125	99	151	156	209	227	110	174	144	239
MSTRG.599	6	9	3	1	1	19	29	14	16	1
MSTRG.600	77	93	151	166	191	191	166	98	187	279
MSTRG.602	26	14	12	6	12	9	9	2	7	9
MSTRG.603	1202	1044	986	1161	987	1490	1108	914	1023	1135
MSTRG.605	14	12	8	7	10	15	14	15	13	12
MSTRG.606	35	35	45	55	248	64	53	27	89	528
MSTRG.607	136	174	225	202	331	176	214	169	260	533
MSTRG.608	12	11	9	8	5	13	12	7	6	13
MSTRG.609	36	23	26	48	33	44	50	28	54	27
MSTRG.610	4820	3713	2522	2485	1440	3097	3451	3571	2970	2165
MSTRG.611	370	433	361	513	704	473	476	542	589	563
MSTRG.612	14	31	34	40	149	26	41	18	63	160
MSTRG.613	1570	1423	1317	1515	1845	2007	1341	1283	1595	2025
MSTRG.614	1	0	1	0	1	0	1	1	4	0
MSTRG.615	1973	1959	2169	2837	3374	2411	2101	1660	2660	2116
MSTRG.619	0	1	0	2	0	1	1	5	3	0
MSTRG.620	14	20	6	21	21	33	25	17	20	22
MSTRG.622	43	34	43	50	37	26	35	45	62	22
MSTRG.623	8	8	14	12	3	8	4	3	9	9
MSTRG.624	107	78	129	117	130	165	112	133	202	207
MSTRG.626	1	0	0	0	0	0	1	0	0	0
MSTRG.628	397	351	261	272	184	397	296	266	245	114
MSTRG.630	0	1	0	0	1	0	0	1	0	0
MSTRG.631	4	3	0	0	1	5	5	0	0	0
MSTRG.632	18	14	4	10	5	44	29	9	10	11
MSTRG.633	19	10	9	6	8	15	16	9	7	17
MSTRG.634	0	0	0	1	1	0	0	1	0	3
MSTRG.636	0	0	0	2	2	0	0	0	0	0
MSTRG.637	17	25	9	4	12	12	12	4	4	12
MSTRG.638	17	14	16	18	49	14	20	13	26	29
MSTRG.639	7	7	10	6	13	7	12	5	9	20
MSTRG.640	44	59	131	171	220	111	117	235	221	215
MSTRG.641	44	86	214	131	141	70	119	11	177	182
MSTRG.642	3	4	10	5	7	1	3	5	4	8
MSTRG.644	268	288	349	291	352	391	447	343	393	408
MSTRG.645	147	140	186	180	150	98	110	130	229	97
MSTRG.646	40	60	62	73	42	65	115	13	48	43
MSTRG.648	332	283	333	312	401	393	380	431	437	407
MSTRG.650	652	341	268	121	43	253	198	59	138	32
MSTRG.651	1	0	0	0	0	0	0	0	0	0
MSTRG.652	4	6	10	12	5	2	4	0	1	1
MSTRG.653	20	58	93	151	251	71	114	262	265	172
MSTRG.654	400	310	277	242	178	274	223	236	191	193
MSTRG.655	0	0	1	0	1	0	4	7	2	1
MSTRG.656	0	0	2	0	1	0	0	0	1	0
MSTRG.657	10	11	14	18	9	20	8	16	10	10
MSTRG.658	0	0	1	0	0	0	0	0	0	0
MSTRG.659	0	0	0	0	0	1	0	0	0	0
MSTRG.660	231	166	107	114	177	136	124	73	113	347
MSTRG.661	0	0	1	0	0	0	0	0	0	0
MSTRG.663	0	0	0	1	0	1	0	4	0	3
MSTRG.664	2	1	1	0	0	2	1	1	0	1
MSTRG.665	566	501	521	547	656	551	515	327	488	385
MSTRG.666	0	0	4	4	8	2	0	0	4	5
MSTRG.667	59	87	212	215	434	138	180	193	249	459
MSTRG.668	3310	2751	2410	2413	2286	4653	3050	1897	2622	2384
MSTRG.669	339	358	320	249	70	622	657	611	226	81
MSTRG.670	1219	1104	1014	1048	844	1203	913	563	764	748
MSTRG.671	263	333	466	482	1102	555	511	643	645	1500
MSTRG.673	0	1	1	2	2	4	3	3	2	7
MSTRG.674	0	0	0	1	0	1	3	1	0	2
MSTRG.675	1842	1677	1244	1333	955	1920	1333	1310	1158	955
MSTRG.676	6790	5756	4792	4118	2755	5284	5121	5230	4727	3164
MSTRG.677	1598	797	460	197	84	404	276	81	235	31
MSTRG.678	55	39	25	56	41	95	37	40	49	89
MSTRG.679	173	134	120	203	91	63	130	145	137	55
MSTRG.680	46	34	35	40	31	36	43	21	19	27
MSTRG.681	380	472	611	839	765	381	360	474	573	363
MSTRG.682	0	1	0	1	0	0	1	0	0	1
MSTRG.683	0	0	0	0	1	0	0	0	0	0
MSTRG.684	12	8	11	12	5	14	14	18	11	25
MSTRG.685	75	92	161	140	96	123	159	17	143	144
MSTRG.686	463	230	153	63	15	167	101	41	66	10
MSTRG.688	22	41	62	19	97	15	43	21	39	24
MSTRG.689	6	4	1	3	4	12	12	0	6	2
MSTRG.690	292	233	184	199	126	300	190	149	174	273
MSTRG.691	265	317	503	743	2124	330	385	580	759	1670
MSTRG.692	1	1	1	0	2	3	1	0	1	1
MSTRG.693	0	0	0	2	1	0	0	0	0	1
MSTRG.694	19	27	21	29	20	7	1	6	4	5
MSTRG.695	5	5	8	6	1	1	0	0	0	1
MSTRG.696	1534	1234	917	769	443	719	803	390	641	637
MSTRG.697	1	1	5	13	1	1	1	0	7	2
MSTRG.700	89	52	67	62	70	58	60	36	39	86
MSTRG.701	740	494	474	363	321	453	447	247	369	657
MSTRG.702	21	6	7	12	7	15	8	5	20	8
MSTRG.703	17	18	15	14	23	32	30	26	19	29
MSTRG.705	549	441	515	377	325	560	405	364	389	354
MSTRG.706	364	383	384	413	293	490	356	367	561	407
MSTRG.707	12	21	19	14	18	5	18	15	11	34
MSTRG.708	304	248	71	88	47	209	168	53	97	176
MSTRG.709	31	43	22	32	16	20	32	10	30	18
MSTRG.711	1069	498	358	245	84	503	276	109	283	90
MSTRG.712	3	4	2	1	1	6	4	2	1	5
MSTRG.713	0	0	0	0	0	0	1	0	1	0
MSTRG.714	7	7	4	14	4	8	10	4	10	1
MSTRG.715	15	11	4	6	10	5	15	6	8	32
MSTRG.716	16	17	15	12	11	24	19	17	13	38
MSTRG.717	23	18	34	8	14	25	23	11	11	133
MSTRG.718	32	45	27	34	23	38	40	3	27	108
MSTRG.720	11	12	16	10	13	12	11	9	7	18
MSTRG.721	17	12	21	33	88	10	10	14	28	246
MSTRG.722	1077	1071	1273	1106	2870	746	865	1277	1354	983
MSTRG.723	86	49	45	26	62	41	41	10	38	38
MSTRG.724	3180	3303	3587	3660	3050	2598	2646	1620	2360	3272
MSTRG.725	0	1	0	0	0	0	0	0	0	1
MSTRG.726	0	0	0	0	0	0	0	0	0	1
MSTRG.727	1355	1230	1057	868	391	1225	1014	939	859	377
MSTRG.728	568	573	423	529	364	689	497	314	408	371
MSTRG.729	12	18	10	10	2	38	16	11	8	1
MSTRG.730	288	315	320	386	578	287	306	338	439	358
MSTRG.731	244	178	176	155	232	183	133	123	151	127
MSTRG.732	7	2	7	6	3	6	2	5	7	3
MSTRG.733	565	566	415	520	358	681	491	315	404	367
MSTRG.735	0	0	0	1	3	1	1	2	3	19
MSTRG.736	6	7	8	8	5	3	1	8	5	0
MSTRG.738	632	488	353	325	145	521	357	262	266	188
MSTRG.739	500	366	285	303	248	589	365	116	330	372
MSTRG.740	5	10	6	18	80	6	9	20	15	17
MSTRG.741	55	63	48	44	53	48	51	31	30	93
MSTRG.742	0	0	0	0	136	2	0	0	0	554
MSTRG.743	67	47	23	23	23	99	50	45	44	44
MSTRG.744	17	14	3	12	9	26	15	6	14	24
MSTRG.745	2592	2426	2237	2389	2695	3510	2426	2152	2796	3157
MSTRG.746	36	33	32	30	43	33	42	24	46	30
MSTRG.747	28	40	58	65	57	33	37	21	34	177
MSTRG.748	1549	1066	917	811	591	1835	978	340	559	630
MSTRG.749	4227	3821	4144	4656	3896	5832	4048	4502	4898	4953
MSTRG.750	9	4	3	3	2	8	0	1	4	4
MSTRG.751	352	250	287	233	101	272	194	162	197	136
MSTRG.752	1956	1890	1951	1689	1237	2128	2414	2102	2305	548
MSTRG.753	496	272	184	123	75	249	183	67	155	72
MSTRG.754	163	191	154	200	138	150	144	221	142	108
MSTRG.755	258	230	150	127	91	139	111	101	70	55
MSTRG.756	540	483	535	662	822	487	461	648	660	483
MSTRG.757	3065	2397	2419	2249	5422	2274	2584	3125	3156	5101
MSTRG.758	349	254	274	290	191	282	242	252	244	152
MSTRG.759	597	608	517	541	421	488	489	538	509	417
MSTRG.760	948	852	860	823	609	761	848	860	936	696
MSTRG.762	93	103	93	78	120	59	98	123	104	138
MSTRG.763	4	5	8	5	1	1	6	10	7	5
MSTRG.764	17	28	35	28	21	32	34	35	48	26
MSTRG.765	1190	1416	1384	1422	816	1044	1204	1547	1094	410
MSTRG.766	643	690	697	687	856	573	688	712	740	1063
MSTRG.768	27	30	12	24	180	13	21	15	34	102
MSTRG.769	152	156	169	201	164	128	210	140	221	105
MSTRG.770	1060	1189	1180	1193	1171	1306	1186	1293	1274	1509
MSTRG.771	3	10	53	40	24	20	12	42	30	65
MSTRG.772	225	422	512	934	1550	461	655	1144	1045	1859
MSTRG.773	185	246	244	346	949	215	242	605	545	263
MSTRG.776	9	3	1	1	0	0	3	2	0	2
MSTRG.777	2	1	0	1	0	0	0	0	1	9
MSTRG.778	273	225	227	163	166	328	204	185	229	240
MSTRG.779	0	0	0	1	0	0	0	0	0	0
MSTRG.780	84	101	70	81	70	119	113	65	80	25
MSTRG.781	78	88	97	110	109	75	116	76	134	113
MSTRG.782	0	0	1	0	0	0	0	0	0	2
MSTRG.783	447	378	374	313	132	305	310	281	296	150
MSTRG.784	17	11	9	18	8	9	15	12	12	6
MSTRG.785	3	5	6	11	11	4	2	10	7	7
MSTRG.788	0	0	0	0	0	0	1	0	0	0
MSTRG.789	57	29	33	41	53	47	34	20	46	48
MSTRG.790	29	37	26	20	19	35	20	25	31	35
MSTRG.791	0	0	0	1	10	0	0	4	1	6
MSTRG.792	77	145	304	326	1517	125	232	334	381	2105
MSTRG.794	0	0	0	0	1	0	0	0	0	0
MSTRG.795	547	518	602	700	2967	579	726	992	1156	3971
MSTRG.796	7	3	4	2	0	1	0	0	0	0
MSTRG.797	49	37	25	6	0	7	9	4	0	0
MSTRG.798	19	17	21	28	10	31	32	23	25	17
MSTRG.799	591	685	616	760	453	507	503	607	669	623
MSTRG.800	17	19	17	22	15	19	17	13	28	16
MSTRG.801	149	170	173	162	195	142	174	112	139	184
MSTRG.802	410	367	303	354	396	399	369	377	442	331
MSTRG.803	27	28	17	26	40	38	29	34	31	61
MSTRG.804	469	361	369	304	227	352	320	265	345	247
MSTRG.805	2	3	0	1	2	3	1	3	2	1
MSTRG.806	0	0	2	1	0	0	0	0	4	0
MSTRG.808	1	8	12	5	7	6	15	9	6	2
MSTRG.809	389	362	431	430	431	417	358	328	410	277
MSTRG.810	1172	1092	888	894	644	1361	1002	560	972	1124
MSTRG.811	398	327	318	406	196	401	292	329	346	217
MSTRG.812	0	0	0	1	0	0	1	0	1	0
MSTRG.814	500	464	407	480	379	509	469	597	586	345
MSTRG.815	6	2	2	3	4	5	1	12	7	42
MSTRG.816	28	52	19	28	13	21	56	9	34	10
MSTRG.817	3	1	3	5	3	6	4	3	3	3
MSTRG.818	125	76	97	72	133	229	133	128	125	375
MSTRG.819	0	1	0	0	0	0	0	0	0	5
MSTRG.820	6	5	2	10	6	5	11	5	7	6
MSTRG.821	1	0	1	0	1	1	5	2	2	12
MSTRG.822	15000	14215	16376	15691	21300	13591	15011	14738	17901	34197
MSTRG.823	1	0	0	0	1	1	0	0	1	0
MSTRG.824	446	467	956	779	2732	627	673	821	857	6468
MSTRG.825	126	54	34	17	3	45	3	13	6	2
MSTRG.826	777	796	616	805	1267	1073	978	1530	1357	1744
MSTRG.827	1171	1016	865	832	818	957	843	686	849	936
MSTRG.828	56	69	97	72	13	5	6	0	1	0
MSTRG.829	0	0	0	0	0	0	1	0	1	1
MSTRG.830	0	11	64	2	1	116	103	20	149	35
MSTRG.831	0	0	0	0	0	1	0	0	0	0
MSTRG.834	1	2	3	0	2	2	2	1	0	0
MSTRG.835	1357	1357	1392	1318	855	1823	1455	903	1233	1503
MSTRG.838	2	5	5	1	0	1	1	0	1	9
MSTRG.839	2261	3038	3530	3145	1218	2526	3334	3725	3657	1690
MSTRG.840	370	409	316	314	367	342	386	524	365	326
MSTRG.841	502	432	395	370	252	393	288	229	211	224
MSTRG.842	727	667	423	371	381	413	599	497	412	552
MSTRG.843	111	196	243	296	155	191	272	371	421	91
MSTRG.844	1211	1645	1571	1746	1779	1256	1710	2048	1838	1101
MSTRG.845	4	6	3	7	3	2	6	4	9	1
MSTRG.846	2	0	0	2	0	1	3	0	3	8
MSTRG.847	4	3	5	3	13	10	4	10	12	32
MSTRG.848	0	0	1	0	0	9	1	0	4	1
MSTRG.850	0	3	15	1	0	59	18	4	19	33
MSTRG.851	0	0	3	0	0	24	4	0	8	7
MSTRG.852	0	0	16	0	0	72	15	1	8	25
MSTRG.853	13	7	18	13	26	20	16	31	25	14
MSTRG.855	1931	1908	1463	2275	1808	1954	1687	1297	1947	1621
MSTRG.856	0	0	0	0	1	1	1	0	0	0
MSTRG.857	2681	2089	1841	1553	838	1794	1973	2101	1629	824
MSTRG.858	0	0	1	3	0	1	3	5	3	6
MSTRG.859	180	140	105	108	87	127	119	135	149	141
MSTRG.860	184	195	159	193	291	279	227	331	273	336
MSTRG.861	184	219	228	264	250	174	257	365	317	236
MSTRG.862	0	2	2	3	2	2	2	1	3	0
MSTRG.863	11	5	1	1	0	4	4	4	1	0
MSTRG.864	4770	4110	4030	4943	2975	5432	3806	3127	4261	3232
MSTRG.865	4	3	4	0	0	2	0	1	3	1
MSTRG.866	102	184	299	575	1514	90	126	246	300	208
MSTRG.867	396	396	426	445	380	493	441	413	487	336
MSTRG.869	673	581	279	358	166	507	466	382	627	389
MSTRG.870	24	20	16	17	14	33	20	15	10	9
MSTRG.871	1	0	2	1	1	1	0	0	1	1
MSTRG.872	24	22	36	47	58	29	33	56	68	85
MSTRG.873	6330	6025	4874	3440	1633	4252	4304	3391	2603	1657
MSTRG.874	945	938	1081	800	480	654	885	831	851	335
MSTRG.875	1655	1322	1357	1200	790	1348	1277	1169	1037	741
MSTRG.876	0	0	0	0	1	0	0	0	0	0
MSTRG.877	0	1	0	0	1	15	33	36	19	2
MSTRG.878	1846	1817	1958	1967	1872	2032	2174	2011	2146	1771
MSTRG.879	54	60	51	44	33	31	44	75	41	22
MSTRG.880	0	0	0	1	1	0	0	0	1	0
MSTRG.881	36	29	30	18	24	12	15	10	12	13
MSTRG.882	47	61	58	51	49	51	82	35	52	59
MSTRG.883	1802	2838	3595	5111	4651	2376	3661	5939	5234	1552
MSTRG.884	88	130	78	95	112	94	127	195	146	127
MSTRG.885	1441	1355	1363	1291	1038	1170	1183	1829	1200	955
MSTRG.886	63	88	98	150	323	47	68	144	115	163
MSTRG.887	0	0	0	0	1	0	0	0	0	0
MSTRG.888	8	4	2	8	3	4	5	11	5	4
MSTRG.889	0	0	0	1	1	0	0	0	2	1
MSTRG.890	3900	4011	3512	3893	2856	3536	3500	4345	4047	2388
MSTRG.891	669	651	579	444	295	469	543	348	473	244
MSTRG.892	17	17	16	12	14	16	13	23	8	6
MSTRG.893	24	29	14	19	13	17	25	19	20	6
MSTRG.894	833	927	899	840	838	630	877	918	836	557
MSTRG.895	29	44	56	53	68	33	58	94	65	127
MSTRG.896	930	815	871	816	819	977	725	1266	814	877
MSTRG.897	345	323	316	294	109	226	330	245	279	125
MSTRG.898	80	78	33	30	9	113	75	23	25	1
MSTRG.899	1424	1354	1240	1082	1143	1347	1385	1285	1336	892
MSTRG.901	1	18	1	1	0	0	20	1	0	2
MSTRG.902	0	1	0	0	0	0	0	0	0	0
MSTRG.903	8	10	3	0	3	4	3	4	3	1
MSTRG.905	60	53	75	35	35	80	70	74	44	51
MSTRG.906	161	123	123	124	129	285	264	314	261	244
MSTRG.907	1	2	3	5	16	1	4	2	11	25
MSTRG.908	135	151	211	245	451	294	278	259	352	478
MSTRG.909	45	57	54	84	119	94	80	96	139	167
MSTRG.910	1135	1083	1086	1253	888	1503	1275	1331	1361	1256
MSTRG.911	6306	7062	7430	5102	3397	12249	10412	10966	7265	3208
MSTRG.912	760	860	684	710	376	1067	973	770	863	694
MSTRG.913	267	228	191	171	82	281	170	160	124	128
MSTRG.914	1090	927	1081	1136	1608	1014	939	1511	1101	1490
MSTRG.915	1098	917	790	715	411	904	737	597	660	563
MSTRG.916	8	7	9	16	40	7	14	2	10	9
MSTRG.917	211	360	450	645	1386	280	522	852	904	1162
MSTRG.918	0	0	0	0	0	0	0	1	0	0
MSTRG.920	1279	1037	1112	811	724	852	1059	347	929	448
MSTRG.921	0	1	0	0	0	0	0	0	1	0
MSTRG.922	351	267	240	229	194	270	226	208	234	117
MSTRG.923	0	4	1	0	2	4	1	3	2	1
MSTRG.924	1301	1038	1123	937	1597	1231	883	466	787	1857
MSTRG.925	5	1	4	5	4	10	10	7	7	8
MSTRG.927	1	3	2	11	10	7	4	10	15	19
MSTRG.928	2111	1646	1688	1946	1422	1611	1429	1396	1771	1238
MSTRG.929	0	5	3	2	5	1	1	0	0	1
MSTRG.930	309	233	218	262	94	275	246	151	244	112
MSTRG.932	1	1	1	1	1	2	0	1	1	1
MSTRG.933	340	489	429	561	384	396	492	824	509	207
MSTRG.934	18	23	13	22	14	13	33	12	22	28
MSTRG.935	11	8	9	9	5	19	18	11	13	3
MSTRG.936	246	211	345	446	591	539	337	640	749	426
MSTRG.938	433	425	531	584	1024	818	736	600	947	563
MSTRG.940	0	0	0	0	0	0	0	0	1	2
MSTRG.941	4	2	1	0	0	0	1	0	0	0
MSTRG.944	15	22	18	8	15	15	15	17	17	15
MSTRG.945	71	50	44	33	17	70	55	30	35	53
MSTRG.946	6	11	11	10	19	9	7	4	5	0
MSTRG.947	28	35	15	24	31	47	40	7	35	117
MSTRG.948	1247	939	989	1078	999	966	811	1009	969	616
MSTRG.949	6	8	6	8	0	1	10	4	5	8
MSTRG.950	3	2	4	18	1	2	2	5	2	8
MSTRG.951	113	25	57	30	41	65	20	22	34	114
MSTRG.952	86	65	53	29	23	57	55	38	44	198
MSTRG.953	0	0	0	1	0	0	0	0	0	1
MSTRG.954	1	1	2	0	2	0	0	0	0	0
MSTRG.955	644	580	916	1144	2021	562	719	537	1344	2102
MSTRG.957	976	900	911	644	898	850	718	535	555	884
MSTRG.958	2	0	0	3	21	0	0	0	7	23
MSTRG.959	0	0	0	0	1	0	1	0	0	1
MSTRG.960	503	483	440	493	344	506	393	297	341	420
MSTRG.961	33	29	24	30	32	12	13	14	30	112
MSTRG.962	0	1	0	0	1	0	0	1	0	2
MSTRG.963	0	0	0	0	0	0	0	0	0	4
MSTRG.964	18	13	50	49	101	8	43	23	83	612
MSTRG.965	1469	1208	909	722	545	941	1018	978	735	423
MSTRG.966	3114	2141	2437	1907	1111	3018	1772	1384	1495	1336
MSTRG.967	391	199	86	95	68	49	39	34	48	56
MSTRG.968	0	0	0	0	1	0	0	0	0	0
MSTRG.969	3	0	0	4	5	0	0	0	1	1
MSTRG.970	1019	768	668	500	909	881	645	556	619	715
MSTRG.971	872	767	835	999	715	772	616	762	793	779
MSTRG.972	1204	1052	1275	1287	982	1392	1126	1156	1235	768
MSTRG.975	2	0	1	1	0	4	1	1	1	2
MSTRG.976	103	145	263	233	414	170	330	303	337	143
MSTRG.977	7	4	14	4	3	11	10	9	2	2
MSTRG.978	744	810	806	1116	1918	923	957	900	1206	1539
MSTRG.979	7	16	19	18	17	5	5	6	8	10
MSTRG.980	1	1	2	9	59	1	1	0	1	2
MSTRG.981	145	144	240	412	810	245	227	385	438	362
MSTRG.982	586	482	439	389	360	586	464	429	479	475
MSTRG.983	612	610	670	664	1093	769	693	943	769	866
MSTRG.984	0	0	0	0	0	4	2	0	0	0
MSTRG.985	1456	2158	239	800	1013	5998	3992	7190	5814	1163
MSTRG.986	2	1	0	1	1	2	0	2	2	1
MSTRG.987	76	26	23	108	31	130	15	28	59	33
MSTRG.988	1	4	8	0	0	0	0	0	0	0
MSTRG.989	15	16	12	22	6	24	20	33	31	4
MSTRG.990	1	0	1	0	0	1	0	0	0	0
MSTRG.991	167	160	128	169	111	141	183	214	238	44
MSTRG.992	4	4	6	11	14	11	8	5	23	3
MSTRG.993	226	163	175	225	193	188	184	135	195	149
MSTRG.994	762	599	550	535	321	675	487	310	501	545
MSTRG.995	28	40	40	75	248	8	10	41	44	40
MSTRG.996	1067	973	1124	938	958	1223	842	474	729	1139
MSTRG.997	15	28	44	33	15	22	21	60	39	10
MSTRG.998	120	157	343	300	388	177	267	281	359	919
MSTRG.999	0	0	0	0	0	0	0	0	0	5
MSTRG.1000	968	1494	2475	3107	2160	1941	2223	2458	3176	4389
MSTRG.1002	29	45	50	74	70	44	36	45	61	83
MSTRG.1003	1	1	5	8	2	1	0	1	1	0
MSTRG.1004	775	784	781	752	563	753	724	553	632	623
MSTRG.1006	331	423	492	688	358	362	400	438	557	381
MSTRG.1007	1154	1225	1137	1376	2207	1636	1438	960	1387	1254
MSTRG.1008	4	2	2	7	2	14	5	1	2	6
MSTRG.1010	0	0	0	0	0	0	0	0	2	0
MSTRG.1011	0	0	0	0	0	1	0	0	1	1
MSTRG.1012	4	9	7	22	23	25	36	73	64	18
MSTRG.1013	366	366	474	567	740	1167	1182	950	1110	587
MSTRG.1014	0	0	1	1	1	1	0	0	3	2
MSTRG.1015	2	0	6	5	6	3	3	4	3	0
MSTRG.1016	1279	1732	2365	2533	4498	2004	2038	2198	2806	3121
MSTRG.1017	0	1	0	0	0	0	0	0	0	0
MSTRG.1019	34	31	34	26	48	17	16	28	40	34
MSTRG.1021	2538	3389	5174	5224	1557	2270	1931	3197	3041	1010
MSTRG.1022	0	2	0	1	0	0	0	0	0	0
MSTRG.1023	13	12	10	13	9	18	13	8	16	4
MSTRG.1024	111	128	65	63	19	41	1	6	6	0
MSTRG.1026	2	0	0	2	4	0	1	2	1	0
MSTRG.1027	5	52	82	209	4	89	57	35	131	1
MSTRG.1028	0	0	0	0	2	0	0	0	0	0
MSTRG.1029	721	586	256	147	146	732	470	546	742	598
MSTRG.1030	885	820	980	1017	1440	1018	908	703	1202	1218
MSTRG.1031	5405	4425	3342	3072	1169	3729	3711	4807	2900	1239
MSTRG.1033	2	0	2	1	0	2	3	0	0	0
MSTRG.1034	722	444	348	283	143	462	430	349	184	25
MSTRG.1035	144	86	53	43	40	63	92	48	44	10
MSTRG.1036	22	20	21	20	20	24	14	7	11	12
MSTRG.1037	904	858	1075	1333	1368	1031	877	631	1021	779
MSTRG.1038	0	0	1	0	1	0	0	0	1	1
MSTRG.1039	0	2	0	2	0	1	0	0	1	1
MSTRG.1040	1	1	2	0	0	0	3	1	1	0
MSTRG.1041	4	5	3	1	3	3	7	1	1	2
MSTRG.1042	386	176	95	56	11	21	19	24	7	4
MSTRG.1043	407	334	317	337	271	866	491	374	420	427
MSTRG.1044	0	3	0	0	2	0	3	0	2	0
MSTRG.1045	899	743	708	695	705	936	713	494	679	658
MSTRG.1046	0	3	1	0	1	0	1	0	0	0
MSTRG.1047	353	429	436	454	428	576	561	574	590	280
MSTRG.1048	6389	4996	5917	5668	4581	7021	4409	3526	4470	3593
MSTRG.1049	2	1	3	1	0	0	5	1	3	1
MSTRG.1050	364	346	382	443	455	413	309	301	436	626
MSTRG.1051	0	0	0	0	0	1	1	0	0	0
MSTRG.1052	110	94	86	98	189	139	104	113	95	270
MSTRG.1053	2	1	2	2	0	0	1	0	1	2
MSTRG.1054	447	388	348	571	739	345	504	521	647	777
MSTRG.1055	395	390	467	435	414	472	406	322	337	650
MSTRG.1056	283	192	166	149	129	219	173	104	195	247
MSTRG.1057	91	29	40	58	104	32	27	21	64	148
MSTRG.1058	454	324	267	260	302	370	260	89	326	481
MSTRG.1059	2	1	2	2	3	3	1	0	1	1
MSTRG.1061	604	531	537	475	492	633	449	249	371	842
MSTRG.1064	1	1	0	0	0	0	0	0	0	0
MSTRG.1065	449	432	239	325	241	554	438	367	389	293
MSTRG.1066	47	30	36	25	18	37	36	29	34	7
MSTRG.1068	373	426	430	518	325	457	700	807	698	272
MSTRG.1069	0	4	8	4	1	1	1	1	2	2
MSTRG.1071	18	0	9	0	18	0	0	10	0	40
MSTRG.1072	4	1	0	0	3	0	0	1	0	7
MSTRG.1073	5	7	0	2	0	7	6	2	1	2
ENSMUSG00000117886	9	10	10	6	1	7	11	6	1	10
ENSMUSG00000118213	0	1	0	0	0	0	0	0	0	0
ENSMUSG00000118249	2	3	2	2	1	2	0	0	2	1
ENSMUSG00000037263	0	0	0	1	2	0	1	0	2	3
ENSMUSG00000037477	0	0	1	0	0	5	0	0	2	2
ENSMUSG00000118245	1	5	3	3	7	0	2	5	7	8
ENSMUSG00000117718	0	1	2	1	1	2	1	2	3	0
ENSMUSG00000042041	0	1	0	0	0	0	0	1	1	0
ENSMUSG00000117723	0	0	0	1	2	2	0	0	1	0
ENSMUSG00000117807	2	3	3	4	2	5	2	3	7	6
ENSMUSG00000118610	0	0	0	0	1	2	0	3	0	5
ENSMUSG00000039330	0	1	1	0	3	1	2	1	0	0
ENSMUSG00000120141	2	0	1	2	0	2	4	3	0	0
ENSMUSG00000024936	0	0	1	0	0	0	1	0	0	2
ENSMUSG00000118194	0	0	0	0	0	0	1	0	0	0
ENSMUSG00000024786	0	0	0	3	0	1	0	0	2	0
ENSMUSG00000065523	0	0	0	0	0	0	0	0	0	1
ENSMUSG00000085196	3	5	5	10	3	4	3	5	7	5
ENSMUSG00000085285	0	0	0	0	0	0	0	0	1	0
ENSMUSG00000024973	1	1	1	0	0	0	0	0	0	0
ENSMUSG00000024757	1	2	1	1	0	0	2	0	2	0
ENSMUSG00000118036	1	0	0	0	0	0	0	1	0	0
ENSMUSG00000052562	1	0	0	1	0	0	0	1	2	0
ENSMUSG00000071656	13	14	14	21	18	19	20	30	31	16
ENSMUSG00000024653	1	0	0	0	1	0	0	0	0	0
ENSMUSG00000100141	6	3	4	4	0	9	3	0	2	1
ENSMUSG00000024738	0	0	0	0	1	0	0	0	0	0
ENSMUSG00000067577	2	0	1	0	0	6	2	3	6	0
ENSMUSG00000024670	0	1	1	1	10	0	0	1	1	1
ENSMUSG00000067571	0	0	0	7	0	0	0	0	0	0
ENSMUSG00000024730	0	0	0	0	0	0	0	0	1	0
ENSMUSG00000099398	3	1	5	4	3	6	4	0	0	0
ENSMUSG00000056290	0	0	0	1	0	0	0	0	1	0
ENSMUSG00000058470	0	0	0	1	1	0	1	0	1	0
ENSMUSG00000024678	0	0	0	0	0	0	1	0	0	1
ENSMUSG00000104088	0	0	0	0	0	0	0	0	0	1
ENSMUSG00000024680	0	0	1	2	0	1	3	1	2	0
ENSMUSG00000024681	0	0	0	2	1	1	0	0	0	0
ENSMUSG00000067545	1	1	1	0	1	0	1	0	2	0
ENSMUSG00000067529	0	0	0	0	2	0	0	0	0	0
ENSMUSG00000108889	0	0	1	0	0	0	0	0	0	0
ENSMUSG00000118093	2	6	1	4	4	3	3	2	3	1
ENSMUSG00000096436	0	0	1	0	0	0	0	0	0	0
ENSMUSG00000040065	1	0	0	0	0	0	0	0	0	0
ENSMUSG00000063683	0	0	1	0	0	0	0	0	1	1
ENSMUSG00000024694	0	0	0	0	0	0	3	0	0	0
ENSMUSG00000057503	12	9	9	15	2	12	11	9	16	8
ENSMUSG00000120068	2	0	1	3	0	1	0	2	3	3
ENSMUSG00000063586	5	8	6	4	1	10	9	1	5	3
ENSMUSG00000117995	3	3	1	0	0	1	1	1	3	0
ENSMUSG00000117711	0	0	1	1	0	2	0	0	0	0
ENSMUSG00000118142	0	1	0	0	0	1	0	0	0	0
ENSMUSG00000118033	0	0	0	0	0	0	1	0	1	0
ENSMUSG00000056829	4	4	4	0	2	10	0	6	4	0
ENSMUSG00000118079	0	0	1	0	0	0	0	0	0	0
ENSMUSG00000118150	0	0	1	0	0	0	0	0	0	0
ENSMUSG00000118067	1	0	0	0	0	2	0	0	0	0
ENSMUSG00000118086	2	1	3	2	3	3	5	4	7	4
ENSMUSG00000121016	1	4	2	1	1	0	2	6	1	5
ENSMUSG00000118273	0	0	0	0	0	1	0	1	0	0
ENSMUSG00000118226	2	1	0	5	1	3	2	0	1	5
ENSMUSG00000044387	0	0	0	0	4	0	0	0	0	0
ENSMUSG00000120011	0	0	0	0	0	0	0	0	0	2
ENSMUSG00000120380	0	0	1	1	4	0	0	0	0	1
ENSMUSG00000117837	0	0	0	0	3	0	0	0	0	0
ENSMUSG00000117979	1	3	2	3	1	1	0	2	1	1
ENSMUSG00000051490	0	0	0	0	0	5	13	4	3	1
ENSMUSG00000024837	8	2	0	0	1	1	0	0	0	0
ENSMUSG00000098105	5	5	7	5	8	3	4	4	4	9
ENSMUSG00000117950	0	0	0	1	1	0	0	0	0	0
ENSMUSG00000118001	0	0	0	1	1	1	0	0	1	0
ENSMUSG00000118209	0	0	1	3	1	0	1	0	2	0
ENSMUSG00000118020	1	2	1	0	2	1	0	1	0	4
ENSMUSG00000117692	0	0	0	0	0	0	1	0	0	0
ENSMUSG00000047298	1	1	3	0	1	4	5	1	6	4
ENSMUSG00000117788	0	0	0	1	1	2	1	0	0	1
ENSMUSG00000117862	0	0	0	0	0	1	0	0	0	0
ENSMUSG00000098069	0	0	0	0	0	0	0	1	0	0
ENSMUSG00000118165	1	0	0	1	1	2	1	1	1	3
ENSMUSG00000118038	2	0	0	0	2	1	2	0	2	6
ENSMUSG00000120326	2	1	0	3	0	0	2	3	4	2
ENSMUSG00000050957	5	3	1	1	1	6	3	5	5	3
ENSMUSG00000024806	0	1	0	0	0	0	0	0	0	0
ENSMUSG00000120593	3	4	3	3	2	5	2	4	4	2
ENSMUSG00000024863	0	1	0	0	0	0	1	0	0	0
ENSMUSG00000058816	0	4	4	1	1	3	1	3	2	1
ENSMUSG00000052595	0	4	2	0	0	0	1	0	0	0
ENSMUSG00000114443	1	2	1	0	0	3	0	1	0	0
ENSMUSG00000118366	0	0	0	0	0	0	0	0	1	1
ENSMUSG00000118168	1	2	0	2	1	1	1	0	0	2
ENSMUSG00000119982	0	1	0	0	0	0	0	0	0	0
ENSMUSG00000120203	0	0	1	0	0	0	0	1	0	0
ENSMUSG00000118196	0	0	1	0	1	0	1	2	0	0
ENSMUSG00000087112	0	0	0	0	0	1	1	0	0	0
ENSMUSG00000086875	0	0	0	0	0	0	1	0	0	0
ENSMUSG00000079344	5	9	1	0	0	27	14	1	0	0
ENSMUSG00000079342	1	0	0	0	0	0	1	0	0	0
ENSMUSG00000085934	1	0	0	0	0	2	1	0	0	0
ENSMUSG00000024768	0	0	0	0	1	0	0	0	0	0
ENSMUSG00000118302	0	0	1	0	0	1	0	0	0	0
ENSMUSG00000024770	0	0	0	0	1	0	0	0	1	0
ENSMUSG00000050370	1	3	4	4	7	0	5	0	3	5
ENSMUSG00000097558	0	2	7	4	26	4	12	11	20	12
ENSMUSG00000074896	6	7	16	10	11	7	12	2	8	102
ENSMUSG00000079339	5	3	15	11	13	14	14	14	11	16
ENSMUSG00000062488	1	2	5	10	9	4	8	1	11	97
ENSMUSG00000067297	5	5	7	5	4	3	5	9	5	4
ENSMUSG00000034459	0	1	2	1	3	1	0	0	2	9
ENSMUSG00000117865	0	0	0	1	1	0	0	0	0	0
ENSMUSG00000118212	0	0	0	2	2	0	1	3	0	1
ENSMUSG00000094707	0	0	3	1	9	4	1	2	2	1
ENSMUSG00000024803	0	0	1	0	2	0	2	0	2	0
ENSMUSG00000120701	0	0	0	0	1	0	0	1	0	0
ENSMUSG00000114859	0	1	0	0	1	0	0	0	0	0
ENSMUSG00000120860	0	0	0	1	0	0	0	1	1	0
ENSMUSG00000120174	1	1	1	9	7	0	2	6	3	0
ENSMUSG00000121027	4	3	4	4	0	3	3	2	3	1
ENSMUSG00000102353	1	0	0	0	0	3	5	0	3	2
ENSMUSG00000024987	0	0	0	1	3	0	1	0	3	1
ENSMUSG00000069554	0	1	1	0	1	2	0	0	3	0
ENSMUSG00000054200	0	1	2	1	1	1	1	3	0	1
ENSMUSG00000025002	0	0	1	1	0	0	2	1	0	0
ENSMUSG00000067231	0	0	0	0	0	2	2	1	3	0
ENSMUSG00000062624	0	0	0	0	0	0	0	1	0	0
ENSMUSG00000074882	0	1	0	0	0	1	0	1	0	0
ENSMUSG00000025004	0	0	0	0	1	0	0	1	0	0
ENSMUSG00000092008	0	0	0	0	0	0	0	1	0	0
ENSMUSG00000060613	0	0	0	0	0	0	0	1	0	1
ENSMUSG00000097740	2	1	1	2	3	0	0	1	1	0
ENSMUSG00000120438	1	2	1	0	0	2	4	0	1	0
ENSMUSG00000025014	0	0	0	0	1	2	0	1	1	2
ENSMUSG00000044065	0	0	0	0	0	0	0	0	0	1
ENSMUSG00000120900	2	1	5	2	8	3	3	5	1	3
ENSMUSG00000117675	0	0	1	0	0	0	0	0	0	0
ENSMUSG00000117856	1311	978	825	843	388	1076	880	887	748	290
ENSMUSG00000025185	0	2	3	6	3	3	2	3	3	1
ENSMUSG00000092250	14	7	6	6	0	1	4	0	0	0
ENSMUSG00000118236	0	0	0	1	0	0	0	0	0	0
ENSMUSG00000025194	1	3	6	9	8	1	6	10	10	1
ENSMUSG00000025197	0	2	0	0	2	2	0	0	0	0
ENSMUSG00000118217	5	4	5	5	8	46	3	5	7	28
ENSMUSG00000118076	0	0	0	0	0	0	1	0	0	0
ENSMUSG00000117911	0	0	0	0	2	1	0	0	0	0
ENSMUSG00000117967	1	0	0	0	0	0	0	0	0	0
ENSMUSG00000117691	0	0	1	0	0	0	0	0	1	0
ENSMUSG00000118915	0	0	0	0	0	1	0	0	0	0
ENSMUSG00000094219	0	0	1	1	0	1	0	0	0	0
ENSMUSG00000091230	0	0	1	0	1	2	3	0	5	0
ENSMUSG00000117930	2	1	0	2	4	3	1	0	2	0
ENSMUSG00000118111	0	0	0	0	0	1	0	0	0	0
ENSMUSG00000062083	2	1	2	0	1	1	5	4	1	1
ENSMUSG00000097719	3	1	1	1	0	0	1	1	2	0
ENSMUSG00000117867	0	0	0	0	0	0	0	0	0	1
ENSMUSG00000118173	0	0	0	0	0	0	0	0	3	0
ENSMUSG00000118314	1	0	2	1	1	0	0	1	1	0
ENSMUSG00000117768	4	9	7	3	0	9	8	6	4	9
ENSMUSG00000120446	0	0	0	0	0	0	1	0	0	0
ENSMUSG00000118378	0	0	0	0	0	0	0	0	1	0
ENSMUSG00000118159	3	3	7	7	5	3	3	7	5	9
ENSMUSG00000117921	1	0	0	0	0	0	0	0	1	0
ENSMUSG00000024979	0	1	1	1	2	5	2	8	6	2
ENSMUSG00000117833	0	0	0	0	0	1	0	0	1	0
ENSMUSG00000117827	0	0	0	0	0	0	0	1	0	0
ENSMUSG00000117695	0	0	0	0	1	1	0	0	0	0
ENSMUSG00000117696	1	0	0	0	0	0	0	0	0	2
ENSMUSG00000120396	1	0	1	1	1	0	0	2	1	5
ENSMUSG00000067063	0	1	2	0	1	1	1	0	1	2
ENSMUSG00000025082	11	14	22	11	1	10	19	18	15	0
ENSMUSG00000117927	0	1	0	0	0	0	0	5	1	0
ENSMUSG00000117655	4	3	2	5	8	5	3	13	12	9
ENSMUSG00000117770	0	0	1	0	1	3	0	0	0	0
ENSMUSG00000117978	0	0	0	0	0	1	0	0	0	0
ENSMUSG00000100001	0	0	0	0	1	0	1	0	1	0
ENSMUSG00000042179	1	2	0	1	0	1	2	3	0	0
ENSMUSG00000025091	1	1	0	2	2	0	0	2	1	0
ENSMUSG00000026931	0	0	0	0	2	1	0	1	1	0
ENSMUSG00000091410	0	3	1	0	0	0	0	0	2	1
ENSMUSG00000090965	8	2	2	4	0	0	3	0	1	5
ENSMUSG00000091378	1	1	1	2	1	2	0	3	5	0
ENSMUSG00000118166	0	0	0	0	0	0	3	0	0	1
ENSMUSG00000045052	2	2	2	4	2	4	8	9	10	4
ENSMUSG00000117790	1	0	1	0	1	0	0	0	0	0
